cluster_id,cluster_name,n_terms,top_terms,graph
8,Cluster_35terms,35,"tests, a role, theory, regard, methods",fine_auto
9,Cluster_33terms,33,"stress, strain, fatigue, tension, the stress",fine_auto
2,Cluster_31terms,31,"steel, grains, steels, alloys, material",fine_auto
35,Cluster_18terms,18,"cracks, a crack, the crack, crack growth, the crack tip",fine_auto
7,Cluster_11terms,11,"number, 919 mpa, a factor, 1726 mpa, 1096 mpa",fine_auto
1,Cluster_10terms,10,"air, heat, oxygen, vacuum, lab air",fine_auto
14,Cluster_9terms,9,"cycle, cycles, cycling, the cyclic, 450 cycles",fine_auto
38,Cluster_9terms,9,"samples, specimens, the samples, sample gauge, the specimen",fine_auto
33,Cluster_9terms,9,"slip, slip systems, dislocations, dislocation motion, fewer dislocations",fine_auto
12,Cluster_9terms,9,"precipitation, the condensation, nanoprecipitates, the precipitation, adiabatic conditions",fine_auto
18,Cluster_34terms,34,"tests, theory, regard, methods, respect",coarse
4,Cluster_33terms,33,"stress, strain, fatigue, tension, the stress",coarse
1,Cluster_31terms,31,"steel, grains, steels, alloys, material",coarse
34,Cluster_18terms,18,"cracks, a crack, the crack, crack growth, the crack tip",coarse
7,Cluster_11terms,11,"number, 919 mpa, a factor, 1726 mpa, 1096 mpa",coarse
3,Cluster_10terms,10,"air, heat, oxygen, vacuum, lab air",coarse
32,Cluster_9terms,9,"cycle, cycles, cycling, the cyclic, 450 cycles",coarse
38,Cluster_9terms,9,"samples, specimens, the samples, sample gauge, the specimen",coarse
16,Cluster_9terms,9,"slip, slip systems, dislocations, dislocation motion, fewer dislocations",coarse
5,Cluster_9terms,9,"precipitation, the condensation, nanoprecipitates, the precipitation, adiabatic conditions",coarse
