discovered,reference,similarity,in_degree,llm_confirmed,llm_reason
stress,Stress,1.0000001192092896,0,0,
heat treatment,Heat treatment,1.0000001192092896,1,0,
oxygen,Oxygen,1.0000001192092896,1,0,
material,Material,1.0000001192092896,1,0,
fatigue strength,Fatigue strength,1.0,1,0,
strain rate,Strain rate,1.0,1,0,
failure,Failure,1.0,1,0,
damage,Damage,1.0,0,0,
hydrogen,Hydrogen,1.0,0,0,
crack propagation,Crack propagation,1.0,1,0,
temperature,Temperature,1.0,1,0,
control type,Control type,1.0,0,0,
strain,Strain,0.9999998807907104,1,0,
very high cycle fatigue,Very high-cycle fatigue,0.9933493137359619,1,0,
high cycle fatigue,High-cycle fatigue,0.9912578463554382,1,0,
ultimate tensile strength,Tensile ultimate strength,0.98689204454422,1,0,
dislocations,Dislocation,0.9766446352005005,1,0,
high cycle fatigue,Very high-cycle fatigue,0.9763121604919434,1,0,
the microstructure,Microstructure,0.9694491624832153,1,0,
crack growth,Crack growth behaviour,0.9636707305908203,1,0,
very high cycle fatigue,High-cycle fatigue,0.9632689952850342,1,0,
the high cycle fatigue,High-cycle fatigue,0.9564017653465271,1,0,
grain boundaries,Grain boundary,0.9553749561309814,1,0,
displacement control,Displacement-controlled,0.9504307508468628,1,0,
slip systems,Slip system,0.9502440094947815,1,0,
microstructurally short cracks,Microstructurally short crack,0.949932336807251,1,0,
a frequency,Frequency,0.9490936994552612,1,0,
persistent slip bands,Persistent slip band,0.9482191801071167,1,0,
the cyclic,Cyclic,0.9481436014175415,1,0,
the surface,Surface,0.947212815284729,0,0,
alloys,Alloy,0.9420231580734253,1,0,
intrusions,Intrusion,0.941089391708374,0,0,
the fatigue strength,Fatigue strength,0.9405004978179932,1,0,
high cycle fatigue,Low-cycle fatigue,0.9402557611465454,1,0,
inclusions,Inclusion,0.9356439709663391,1,0,
samples,Sample,0.9354681968688965,0,0,
the stress,Stress,0.9339500069618225,1,0,
the material,Material,0.9179555773735046,1,0,
the high cycle fatigue,Very high-cycle fatigue,0.9174500703811646,1,0,
grains,Grain,0.9167938232421875,1,0,
very high cycle fatigue,Low-cycle fatigue,0.9160046577453613,1,0,
crack growth rate,Crack growth behaviour,0.9124047756195068,1,0,
strain rate effect,Strain rate,0.9123910069465637,1,0,
extrusions,Extrusion,0.9122452139854431,1,0,
tensile strength,Tensile ultimate strength,0.9098959565162659,1,0,
higher strain rates,Strain rate,0.9097884893417358,1,0,
strain rate effects,Strain rate,0.9095282554626465,1,0,
the high cycle fatigue,Low-cycle fatigue,0.9091250896453857,1,0,
plasticity-induced crack closure,Crack-induced plasticity,0.9081385135650635,1,0,
different slip plane families,Slip plane family,0.9080005884170532,1,0,
the process,Process,0.9044797420501709,1,0,
the crack,Crack,0.9041003584861755,1,0,
a crack,Crack,0.8981769680976868,1,0,
protrusions,Protrusion,0.8938337564468384,1,0,
trapped dislocations,Dislocation,0.8890053033828735,1,0,
dislocations,Dislocation structure,0.8882180452346802,1,0,
dislocation motion,Dislocation,0.8881643414497375,1,0,
tensile strengths,Tensile ultimate strength,0.8865134716033936,1,0,
the tensile strength,Tensile ultimate strength,0.8809359073638916,1,0,
a material,Material,0.8802082538604736,1,0,
the alloys,Alloy,0.880102276802063,1,0,
the fatigue life,Fatigue lifetime,0.877988874912262,1,0,
no relevant strain rate effect,Strain rate,0.8748520016670227,1,0,
high strain rates,Strain rate,0.8735482692718506,1,0,
slip systems,Slip system family,0.8677906394004822,1,0,
the grains,Grain,0.861556887626648,1,0,
cracks,Crack,0.8612902164459229,0,0,
grain boundaries,Grain boundary segment,0.8565506935119629,1,0,
the samples,Sample,0.8550834655761719,1,0,
strain rate,Strain ratio,0.8522747755050659,1,0,
tensile strength,Tensile yield strength,0.8490496873855591,1,0,
the materials,Material,0.8488026261329651,1,0,
dislocation motion,Dislocation structure,0.845494270324707,1,0,
fatigue performance,Fatigue strength,0.8414290547370911,1,0,
tensile strengths,Tensile yield strength,0.8385491371154785,1,0,
engineering alloys,Alloy,0.8385422825813293,1,0,
the crack,Long crack,0.8384630680084229,1,0,
a crack,Long crack,0.8380834460258484,1,0,
all alloys,Alloy,0.8373978137969971,1,0,
coherent twin boundaries,Twin boundary,0.8364759683609009,1,0,
crack initiation,Crack initation,0.8356282114982605,1,0,
the main crack,Crack,0.8344031572341919,1,0,
the microstructure,Microstructural property,0.8341554999351501,1,0,
each alloy,Alloy,0.8324568271636963,1,0,
cracks,Long crack,0.825545608997345,0,0,
the specimen,Test specimen,0.8229354023933411,1,0,
strain,Engineering strain,0.8226079940795898,1,0,
fatigue crack initiation,Fatigue crack growth rate,0.8208147287368774,1,0,
fatigue strength,Fatigue strength exponent,0.818938136100769,1,0,
the intrinsic crack growth curve,Crack growth behaviour,0.8183519840240479,1,0,
crack initiation,Crack,0.8150166273117065,1,0,
fewer dislocations,Dislocation,0.8141665458679199,1,0,
crack growth rate,Fatigue crack growth rate,0.8133238554000854,1,0,
trapped dislocations,Dislocation structure,0.8129700422286987,1,0,
some dislocation loops,Dislocation,0.8126556873321533,1,0,
some dislocation loops,Dislocation structure,0.8120726346969604,1,0,
fatigue failure,Fatigue lifetime,0.8108716607093811,1,0,
cracks,Crack initation,0.8101961016654968,0,0,
fatigue,Fatigue strength,0.8098549842834473,1,0,
grain boundaries,Grain boundary network,0.807714581489563,1,0,
stress,Mean stress,0.8065956830978394,0,0,
fatigue performance,Fatigue lifetime,0.8035998344421387,1,0,
the tensile strength,Tensile yield strength,0.80317223072052,1,0,
the yield stress,Yield strain,0.802823543548584,1,0,
the fatigue performance,Fatigue strength,0.8023198843002319,1,0,
dislocations,Dislocation density,0.8022104501724243,1,0,
slip,Slip direction,0.7975727915763855,0,0,
fatigue,Fatigue test,0.7934763431549072,1,0,
persistent slip bands,Slip band,0.7925829887390137,1,0,
the intrinsic crack growth curve,Crack propagation,0.7916954755783081,1,0,
the main crack,Long crack,0.790618896484375,1,0,
crack growth,Fatigue crack growth rate,0.7892562747001648,1,0,
fatigue failure,Fatigue test,0.7890416383743286,1,0,
fatigue performance,Fatigue limit,0.7889288067817688,1,0,
the yield strength,Tensile yield strength,0.788841724395752,1,0,
slip,Slip band,0.7887650728225708,0,0,
microstructurally short cracks,Physically short crack,0.7885863780975342,1,0,
these materials,Material,0.787899911403656,1,0,
higher strain rates,Strain ratio,0.7857778072357178,1,0,
the crack,Crack initation,0.7854642868041992,1,0,
the s-n curves,SN curve,0.7844358682632446,1,0,
ultimate tensile strength,Tensile yield strength,0.7828240990638733,1,0,
fatigue strength,Fatigue limit,0.7825465798377991,1,0,
strain,Strain-controlled,0.7820911407470703,1,0,
microstructural design,Microstructure,0.7819156646728516,1,0,
fatigue failure,Fatigue strength,0.7816120982170105,1,0,
a crack,Crack initation,0.7814850807189941,1,0,
heat treatment,Heat treatment temperature,0.7794365286827087,1,0,
different slip plane families,Slip plane,0.7786421775817871,1,0,
the fatigue strength,Fatigue strength exponent,0.7775933742523193,1,0,
high strength,Specific strength,0.7774173021316528,1,0,
fewer dislocations,Dislocation structure,0.776665449142456,1,0,
mechanical strength,Specific strength,0.7766385078430176,1,0,
crack initiation,Crack propagation,0.7738522291183472,1,0,
inclusions,Inclusion composition,0.7718849182128906,1,0,
fatigue,Fatigue lifetime,0.7691378593444824,1,0,
dislocation motion,Dislocation density,0.7673625946044922,1,0,
the three alloys,Alloy,0.7673312425613403,1,0,
the fatigue performance,Fatigue lifetime,0.7654361724853516,1,0,
strain rate effect,Strain ratio,0.7648479342460632,1,0,
strain rate effects,Strain ratio,0.7636792659759521,1,0,
specimens,Test specimen,0.7628783583641052,1,0,
the yield strength,Cyclic yield strength,0.7607344388961792,1,0,
al alloys,Alloy,0.7607322931289673,1,0,
the main crack,Crack initation,0.759533703327179,1,0,
no relevant strain rate effect,Strain ratio,0.7591170072555542,1,0,
the intrinsic crack growth curve,Fatigue crack growth rate,0.7590581774711609,1,0,
a critically sized fatigue crack,Fatigue crack growth rate,0.7581006288528442,1,0,
the grain interior,Grain,0.7575070261955261,1,0,
fewer dislocations,Dislocation density,0.7555508613586426,1,0,
data,Data set,0.7551769614219666,1,0,
heat treatment,Heat treatment duration,0.7546477317810059,1,0,
stress,Minimum stress,0.7523090243339539,0,0,
a critically sized fatigue crack,Physically short crack,0.7521169185638428,1,0,
some dislocation loops,Edge dislocation,0.7521039247512817,1,0,
the fatigue life,Fatigue limit,0.7517861127853394,1,0,
crack growth,Crack,0.7517763376235962,1,0,
the strength differential,Strength coefficient,0.7496963143348694,1,0,"Answer: No, because ""strength differential"" refers to the difference in yield strength under tension and compression, while ""strength coefficient"" is a material property related to strain hardening."
protrusions,Extrusion,0.7496222853660583,1,0,"Answer: No. Protrusions are features or shapes that extend outwards, while extrusion is a manufacturing process that creates shapes by forcing material through a die."
a frequency,Frequency effect,0.7495760917663574,1,1,"Answer: Yes, ""a frequency"" is a component or general aspect related to the broader ""Frequency effect."""
the yield strength,Shear yield strength,0.7484995722770691,1,0,"Answer: No, the discovered term is a general term while the reference class is a specific type of yield strength."
the stress,Mean stress,0.7483586072921753,1,1,"Answer: Yes, ""the stress"" can refer to the average stress value, aligning with the concept of ""Mean stress""."
hydrogen embrittlement,Hydrogen,0.748039960861206,1,0,"Answer: No. Hydrogen embrittlement is a phenomenon caused by hydrogen, not hydrogen itself."
fatigue loading,Fatigue strength,0.7466903328895569,1,0,"Answer: No, because 'fatigue loading' describes the type of stress applied to a material, whereas 'fatigue strength' is a property of the material related to its resistance to that type of stress."
the fatigue performance,Fatigue limit,0.7455806732177734,1,1,"Answer: Yes, ""the fatigue performance"" is a general term that can relate to the ""Fatigue limit,"" as the limit dictates performance."
a fatigue crack,Long crack,0.7453265190124512,1,1,"Answer: Yes, because a fatigue crack is a type of long crack that specifically forms due to cyclic loading."
extrusions,Protrusion,0.745140790939331,1,1,"Answer: Yes, ""extrusions"" are a type of ""protrusion"" as they both refer to something that sticks out or extends outwards."
fatigue loading,Fatigue life mech load cycles,0.7447589635848999,1,1,"Answer: Yes, because 'fatigue loading' describes the type of mechanical load experienced during fatigue, which influences the fatigue life in load cycles."
slip,Slip lines,0.7446669936180115,0,1,"Answer: Yes, because ""slip"" can refer to the process that creates slip lines in materials."
mechanical strength,Tensile ultimate strength,0.7428239583969116,1,1,"Answer: Yes, because tensile ultimate strength is a measure of mechanical strength."
microstructural design,Microstructural property,0.7424087524414062,1,1,"Answer: Yes, because 'microstructural design' implies the design and manipulation of microstructural properties."
the microstructure,Microstructure entity,0.7421175241470337,1,1,"Answer: Yes, because ""the microstructure"" is a general way to refer to a microstructure entity."
the grain interiors,Grain,0.7414391040802002,1,1,"Answer: Yes, ""the grain interiors"" refers to the internal parts of a grain, thus belonging to the class ""Grain""."
crack propagation,Crack growth behaviour,0.7414337396621704,1,1,"Answer: Yes, because crack propagation is the process of a crack growing, which falls under crack growth behavior."
room temperature,Temperature,0.7413197755813599,1,1,"Answer: Yes, because ""room temperature"" is a specific temperature value."
different slip plane families,Slip system family,0.7395111918449402,1,1,"Answer: Yes, because 'different slip plane families' refers to multiple instances of a 'Slip system family'."
the strength increment,Strength coefficient,0.7394852042198181,1,1,"Answer: Yes, ""strength increment"" can be related to the ""strength coefficient"" as it represents a change or adjustment to the material's strength characteristics."
the crack tip,Crack,0.7389503717422485,1,0,
a fatigue crack,Fatigue crack growth rate,0.7378859519958496,1,0,
fatigue loading,Fatigue test,0.7369611859321594,1,0,
the grain interiors,Grain boundary,0.7365596294403076,1,0,
the fatigue life,Fatigue strength,0.7365213632583618,1,0,
mechanical strength,Mechanical property,0.7352831959724426,1,0,
strain rate,Plastic strain ratio,0.734519898891449,1,0,
the fatigue strength,Fatigue limit,0.7340577244758606,1,0,
the strength differential,Specific strength,0.7338234782218933,1,0,
a critically sized fatigue crack,Microstructurally short crack,0.7297408580780029,1,0,
crack growth rate,Stress corrosion cracking crack growth rate,0.7294306755065918,1,0,
steel,Aluminum,0.7292760610580444,0,0,
the grain interior,Grain boundary,0.7291102409362793,1,0,
carbon steels,Carbon,0.728318452835083,1,0,
a fatigue crack,Physically short crack,0.7271105647087097,1,0,
tests,Test specimen,0.7258081436157227,0,0,
secondary cracks,Physically short crack,0.7239959836006165,1,0,
steel,Alloy,0.7231409549713135,0,0,
the stress,Minimum stress,0.7212941646575928,1,0,
high strain rates,Engineering strain,0.7206802368164062,1,0,
high strain rates,Strain ratio,0.7193723917007446,1,0,
trapped dislocations,Dislocation density,0.7158327698707581,1,0,
the nucleation,Crack nucleation,0.7153849601745605,1,0,
crack propagation,Crack-induced plasticity,0.7140413522720337,1,0,
the precipitation process,Precipitation hardening,0.7125767469406128,1,0,
slip systems,Slip lines,0.7124350070953369,1,0,
tensile strength,Tensile strain to failure,0.7119752764701843,1,0,
a material,Material property,0.7110610008239746,1,0,
the strength increment,Alternating strength,0.7067623138427734,1,0,
a material,Material class,0.7062600255012512,1,0,
ultimate tensile strength,Ultimate shear strength,0.7057556509971619,1,0,
the crack tip,Long crack,0.7056140899658203,1,0,
the mechanical energy,Mechanical property,0.7053700685501099,0,0,
preferential crack initiation sites,Crack propagation,0.7037583589553833,1,0,
al alloys,Aluminum,0.70359206199646,1,0,
grains,Grain size,0.7022609710693359,1,0,
tests,Testing machine,0.7018664479255676,0,0,
the strength increment,Specific strength,0.7012213468551636,1,0,
inclusions,Inclusion size,0.6988211870193481,1,0,
higher strain rates,Plastic strain ratio,0.6984462738037109,1,0,
material,Material property,0.6979794502258301,1,0,
strain rate effect,Strain amplitude,0.6966413855552673,1,0,
dynamic precipitation,Precipitation hardening,0.6952834129333496,1,0,
steel,Iron,0.69501131772995,0,0,
the crack tip,Crack tip opening displacement,0.6948830485343933,1,0,
cycle,Cycle limit,0.6947354078292847,0,0,
loading,Loading type,0.6939958930015564,0,0,
the materials,Material property,0.6917192339897156,1,0,
precipitation,Precipitation hardening,0.691511869430542,0,0,
tensile strengths,Tensile strain to failure,0.6911870241165161,1,0,
sample gauge,Specimen gauge diameter,0.6897203922271729,1,0,
vacancies,Vacancy,0.6884739995002747,0,0,
sample gauge,Specimen gauge length,0.6874900460243225,1,0,
strain rate effects,Strain life curve,0.6866933107376099,1,0,
secondary cracks,Microstructurally short crack,0.6843364834785461,1,0,
persistent slip bands,Slip lines,0.6840810775756836,1,0,
the specimen,Test specimen property,0.68290114402771,1,0,
the tensile strength,Tensile strain to failure,0.6809000968933105,1,0,
distinct physical mechanisms,Mechanism,0.679440438747406,1,0,
the dynamic precipitation,Precipitation hardening,0.6787487268447876,1,0,
sample gauge,Specimen gauge thickness,0.6783990263938904,1,0,
no relevant strain rate effect,Strain life curve,0.6752655506134033,1,0,
secondary cracks,Crack initation,0.6747151613235474,1,0,
20 hz,Frequency,0.6727720499038696,0,0,
heat,Heat treatment,0.6724650859832764,1,0,
preferential crack initiation sites,Crack initation,0.6702238321304321,1,0,
grains,Grain boundary,0.6637663245201111,1,0,
thickness,Specimen gauge thickness,0.6635373830795288,1,0,
preferential crack initiation sites,Crack growth behaviour,0.6633819937705994,1,0,
damage locations,Damage,0.6628303527832031,1,0,
the yield stress,Yield point,0.6627682447433472,1,0,
the grain interior,Grain refinement,0.6625299453735352,1,0,
the yield stress,Tensile yield strength,0.6616962552070618,1,0,
the tensile axis,Tensile ultimate strength,0.6616730690002441,1,0,
material,Material class,0.6609671115875244,1,0,
700 hz,Frequency,0.6602761149406433,1,0,
the grains,Grain size,0.6595263481140137,1,0,
the grain interiors,Grain refinement,0.658889651298523,1,0,
coherent twin boundaries,Deformation twinning,0.6584795713424683,1,0,
cyclic plasticity,Cyclic,0.6582798957824707,1,0,
the precipitation,Precipitation hardening,0.6578831672668457,1,0,
the grains,Grain boundary,0.6574128866195679,1,0,
fatigue crack initiation,Crack-induced plasticity,0.6561892628669739,1,0,
plasticity-induced crack closure,Crack propagation,0.6522045135498047,1,0,
microstructurally short cracks,Crack length,0.6521243453025818,1,0,
temperature,Heat treatment temperature,0.6520535945892334,1,0,
precipitate-free zones,Precipitate,0.650201678276062,1,0,
the material,Material property,0.6489256620407104,1,0,
decreasing frequencies,Frequency,0.6483912467956543,1,0,
cyclic training,Cyclic,0.6482255458831787,1,0,
the tests,Test specimen,0.6468799710273743,1,0,
fatigue crack initiation,Crack growth behaviour,0.6461459994316101,1,0,
the strength differential,Alternating strength,0.6432119607925415,1,0,
plasticity,Plastic zone,0.6424785256385803,1,0,
alloys,Titanium,0.6405979990959167,1,0,
tension,Stress,0.6390506625175476,1,0,
tests,Testing medium,0.6381210088729858,0,0,
high strength,Tensile ultimate strength,0.6378037333488464,1,0,
precipitate-free zones,Precipitate composition,0.6376296281814575,1,0,
ultrasonic fatigue testing machines,Fatigue test specimen,0.636877179145813,1,0,
aa7050 alloys,Alloy,0.6363443732261658,1,0,
the materials,Material class,0.6350672245025635,1,0,
the thicker sample,Specimen gauge thickness,0.6337569952011108,1,0,
the thicker sample,Sample,0.6329008340835571,1,0,
these materials,Material property,0.6304984092712402,1,0,
cyclic plasticity,Cyclic hardening,0.6286245584487915,1,0,
diffusion,Diffusion frequency factor,0.6271481513977051,1,0,
the material,Material class,0.6265777945518494,1,0,
the tensile axis,Uniaxial tensile test,0.6262532472610474,1,0,
decreasing frequencies,Frequency effect,0.6234581470489502,1,0,
cycles,Cycle limit,0.6225559711456299,1,0,
the ua materials,Material,0.622214138507843,1,0,
specimens,Test specimen property,0.6206881403923035,1,0,
steels,Iron,0.618649423122406,1,0,
20 khz,Frequency,0.6183833479881287,1,0,
precipitate-free zones,Precipitate size,0.6180827617645264,1,0,
plasticity-induced crack closure,Microstructurally short crack,0.6178125143051147,1,0,
the process,Manufacturing process,0.6169919967651367,1,0,
high strength,Ultimate shear strength,0.6168086528778076,1,0,
the boundary plane,Twin boundary,0.6164491772651672,1,0,
heat,Heat capacity,0.6162642240524292,1,0,
tension,Pressure,0.6153929233551025,1,0,
volume,Volume defect,0.612946629524231,1,0,
the surface,Surface hardness,0.6126681566238403,0,0,
hydrogen diffusion,Hydrogen,0.6121344566345215,1,0,
cycle,Cyclic,0.6119744777679443,0,0,
ultrasonic fatigue testing machines,Fatigue test,0.6112139225006104,1,0,
aged ( ua,Aging,0.6111374497413635,1,0,
the tensile axis,Tensile strain to failure,0.6110426783561707,1,0,
air,Oxygen,0.6102762818336487,0,0,
these materials,Material class,0.6095502376556396,1,0,
steels,Aluminum,0.6082614660263062,1,0,
scale bar,Scale effect,0.6081318855285645,1,0,
stress-controlled cyclic tests,High-cycle fatigue test,0.607752799987793,1,0,
all alloys,Titanium,0.6066548228263855,1,0,
steels,Alloy,0.6059793829917908,1,0,
plasticity,Crack-induced plasticity,0.6050268411636353,1,0,
the pa samples,Sample,0.6032795906066895,1,0,
the final training stress,Stress,0.6031792163848877,1,0,
alloys,Aluminum,0.6021367311477661,1,0,
the surface,Surface defect,0.5997517108917236,0,0,
single-gb cracks,Physically short crack,0.5993896722793579,1,0,
plasticity,Material,0.5975571870803833,1,0,
stress-controlled cyclic tests,Low-cycle fatigue test,0.5974132418632507,1,0,
multi-gb cracks,Crack propagation,0.5967153310775757,1,0,
temperature,Thermal property,0.5961313247680664,1,0,
stress-controlled cyclic tests,Very high-cycle fatigue test,0.5960003137588501,1,0,
samples,Test specimen,0.5936039090156555,0,0,
20 hz,Frequency effect,0.5921638011932373,0,0,
cyclic loading,Load-controlled,0.5917741060256958,1,0,
single-gb cracks,Crack propagation,0.5915954113006592,1,0,
the tests,Testing machine,0.5911624431610107,1,0,
heat,Thermal property,0.5891268253326416,1,0,
the alloys,Aluminum,0.5873218774795532,1,0,
single-gb cracks,Crack extension mode,0.5871386528015137,1,0,
engineering alloys,Titanium,0.5870662331581116,1,0,
smooth samples,Sample,0.5850493907928467,1,0,
the final training stress,Maximum stress,0.5845011472702026,1,0,
cyclic loading,Cyclic hardening,0.5819950103759766,1,0,
the alloys,Titanium,0.5819306969642639,1,0,
number,Value,0.580190896987915,0,0,
carbon steels,Aluminum,0.5776174068450928,1,0,
static and dynamic loading,Load-controlled,0.5744509696960449,1,0,
displacement-controlled cyclic tests,Displacement-controlled,0.573732852935791,1,0,
the ua samples,Sample,0.5732212662696838,1,0,
10 7 cycles,Cycle limit,0.5728495121002197,1,0,
the samples,Test specimen,0.5724599361419678,1,0,
multi-gb cracks,Crack extension mode,0.571670651435852,1,0,
the mechanical energy,Dissipated strain energy,0.5714390277862549,0,0,
microstructural design,Microstructure entity,0.5708162188529968,1,0,
cyclic loading,Cyclic,0.5693246126174927,1,0,
air,Pressure,0.5690338015556335,0,0,
each alloy,Titanium,0.5688963532447815,1,0,
engineering alloys,Vickers hardness,0.5684847235679626,1,0,
multi-gb cracks,Physically short crack,0.5671525001525879,1,0,
the number,Value,0.5668103098869324,1,0,
the ua materials,Material property,0.5664232969284058,1,0,
this plastic localization,Plastic zone,0.5644863247871399,1,0,
cyclic plasticity,Crack-induced plasticity,0.5639506578445435,1,0,
nanoprecipitates,Precipitate,0.5635910034179688,1,0,
ultrasonic fatigue testing machines,High-cycle fatigue test,0.562629222869873,1,0,
static and dynamic loading,Loading type,0.5620710849761963,1,0,
450 cycles,Cycle limit,0.5617058277130127,1,0,
the stress controlled training schedule,Stress range,0.5615040063858032,1,0,
oxygen,Nitrogen,0.5601819753646851,1,0,
the stress controlled training schedule,Stress,0.5600823163986206,1,0,
excess vacancies,Vacancy,0.5599076747894287,1,0,
the initial cycles,Cycle limit,0.5594295859336853,1,0,
the precipitation,Precipitate,0.5589734315872192,1,0,
the cyclic,Cyclic yield strength,0.5575984716415405,1,0,
unloading,Load-controlled,0.5562319755554199,1,0,
tension,Force,0.5555354356765747,1,0,
the tests,Testing medium,0.5553927421569824,1,0,
lifetime,Fatigue lifetime,0.5553181171417236,1,0,
engineers,Engineering stress,0.5549603700637817,1,0,
the specimen,Sample,0.5542191863059998,1,0,
high strength steels,Ultimate shear strength,0.5532668828964233,1,0,
nanoprecipitates,Precipitate composition,0.5531898736953735,1,0,
oxygen,Hydrogen,0.5525551438331604,1,0,
hydrogen,Oxygen,0.5525551438331604,0,0,
each alloy,Aluminum,0.5520849227905273,1,0,
the cyclic,Cyclic hardening,0.5514988899230957,1,0,
humid air,Vapor pressure,0.5488647222518921,1,0,
cycles,Cyclic,0.5483148694038391,1,0,
monotonic loading,Load-controlled,0.5467932224273682,1,0,
the ua materials,Aluminum,0.54673832654953,1,0,
specimens,Specimen gauge length,0.5466552972793579,1,0,
precipitation,Precipitate,0.5461516380310059,0,0,
cycle,High-cycle fatigue,0.5432732105255127,0,0,
all alloys,Aluminum,0.543250560760498,1,0,
propagation,Wave propagation velocity,0.5416064858436584,0,0,
failure,Defect,0.5406164526939392,1,0,
the effect,Scale effect,0.5398656129837036,1,0,
high strength steels,Tensile ultimate strength,0.539743959903717,1,0,
the effect,Size effect,0.5370776653289795,1,0,
high strength steels,Alloy,0.5364292860031128,1,0,
the training process,Process,0.5345242023468018,1,0,
the three alloys,Aluminum,0.5323832035064697,1,0,
carbon steels,Alloy,0.5322175025939941,1,0,
the boundary plane,Tilt boundary,0.531511664390564,1,0,
the stress controlled training schedule,Maximum stress,0.5284614562988281,1,0,
the precipitation process,Precipitate composition,0.5283463597297668,1,0,
the three alloys,Titanium,0.5277486443519592,1,0,
700 hz,Frequency effect,0.5276339650154114,1,0,
the mechanical energy,Dynamic tear energy,0.5274655222892761,0,0,
the lifetime,Fatigue lifetime,0.5270866751670837,1,0,
the final training stress,Minimum stress,0.5225054621696472,1,0,
diffraction,Electron backscatter diffraction measurement,0.5222461223602295,1,0,
displacement-controlled cyclic test results,Low-cycle fatigue test,0.5216174721717834,1,0,
this effect,Scale effect,0.5210549831390381,1,0,
the lifetime,Aging,0.5189283490180969,1,0,
displacement-controlled cyclic test results,Displacement-controlled,0.5176585912704468,1,0,
distinct physical mechanisms,Mechanical property,0.5173981785774231,1,0,
the thicker sample,Test specimen,0.5141501426696777,1,0,
cyclic training,Cyclic hardening,0.512816309928894,1,0,
force-controlled cyclic tests,Mechanical test,0.5120798349380493,0,0,
the process,Process parameter,0.5116043090820312,1,0,
20 khz,Frequency effect,0.5098878741264343,1,0,
the boundary plane,Crystallographic plane,0.509669303894043,1,0,
displacement-controlled cyclic tests,Mechanical test,0.5085636377334595,1,0,
a frequency,Sinusoidal,0.508446455001831,1,0,
the effect,Frequency effect,0.5077317953109741,1,0,
vacancies,Location,0.5064814686775208,0,0,
cyclic training,Cyclic strength coefficient,0.5048959851264954,1,0,
the resistance,Force,0.5046818256378174,1,0,
damage,Impact toughness,0.5046441555023193,0,0,
hydrogen,Chemical element,0.5036274790763855,0,0,
the precipitation process,Precipitate,0.5029304623603821,1,0,
the oxide layer,Oxygen,0.5024089813232422,1,0,
the case,Case-hardening,0.5019869804382324,1,0,
volume,Pressure,0.5015115737915039,1,0,
this effect,Size effect,0.5008811950683594,1,0,
al alloys,Vickers hardness,0.5007340908050537,1,0,
force-controlled cyclic tests,Cyclic strength coefficient,0.5006660223007202,0,0,
displacement-controlled cyclic test results,Mechanical test,0.498874694108963,1,0,
growth,Crack growth behaviour,0.49854063987731934,0,0,
control type,Load-controlled,0.49752944707870483,0,0,
15 mm,Specimen gauge diameter,0.4958072900772095,1,0,
room temperature,Heat treatment temperature,0.4956352114677429,1,0,
precipitation,Precipitate composition,0.4937167167663574,0,0,
the precipitation,Precipitate composition,0.49363309144973755,1,0,
microplasticity,Microstructure,0.4931851625442505,1,0,
propagation,Crack propagation,0.4930213689804077,0,0,
the condensation,Vapor pressure,0.49274033308029175,1,0,
data,Sample,0.49263250827789307,1,0,
nanoprecipitates,Precipitate size,0.4910437762737274,1,0,
room temperature,Heat capacity,0.49092650413513184,1,0,
monotonic loading,Monotonous,0.49009454250335693,1,0,
damage locations,Location,0.48997217416763306,1,0,
results,Failure,0.489398717880249,1,0,
data,Value,0.48853886127471924,1,0,
cycling,Low-cycle fatigue,0.4880187511444092,1,0,
the ua state,State descriptor,0.4869154691696167,1,0,
air,Nitrogen,0.4868951737880707,0,0,
displacement-controlled cyclic tests,Low-cycle fatigue test,0.4865456223487854,1,0,
thickness,Ultimate shear strength,0.4844796061515808,1,0,
loading,Load-controlled,0.4843212962150574,0,0,
cycling,Cyclic,0.48353713750839233,1,0,
engineers,Engineering strain,0.4830222725868225,1,0,
training,Equipment,0.4828680753707886,0,0,
static and dynamic loading,Engineering stress in loading direction,0.48208528757095337,1,0,
force-controlled cyclic tests,Cyclic yield strength,0.48173069953918457,0,0,
vacuum,Vacancy,0.4816874861717224,1,0,
displacement control,Load-controlled,0.47795242071151733,1,0,
ebsd data,Data set,0.4778631925582886,1,0,
thickness,Bending strength,0.47768837213516235,1,0,
the center,Location,0.4766983687877655,1,0,
increases,Size effect,0.47630059719085693,1,0,
lifetime,Aging,0.47555649280548096,1,0,
samples,Test specimen property,0.47554075717926025,0,0,
the ua samples,Test specimen,0.4746021628379822,1,0,
aa7050 alloys,Titanium,0.4740356206893921,1,0,
the condensation,Precipitate,0.47395357489585876,1,0,
damage,Defect,0.4736660420894623,0,0,
displacement control,Strain-controlled,0.47235384583473206,1,0,
applications,Process,0.4720582962036133,1,0,
loading,Load cell,0.4716798663139343,0,0,
diffusion,Thermal diffusivity,0.47072410583496094,1,0,
5 mm,Specimen gauge diameter,0.46998995542526245,0,0,
the interaction,Force,0.4698758125305176,1,0,
the early cycles,Cycle limit,0.4698203504085541,1,0,
10 7 cycles,Cyclic,0.4696778655052185,1,0,
figure,Object,0.4690644145011902,1,0,
theory,Model,0.46838539838790894,1,0,
the precipitate-strengthened al alloys,Aluminum,0.46781960129737854,1,0,
5 mm,Notch diameter,0.4671902358531952,0,0,
cycling,High-cycle fatigue,0.467146635055542,1,0,
microplasticity,Plastic zone,0.4669075310230255,1,0,
the square,Triangular,0.46582895517349243,1,0,
the precipitate-strengthened al alloys,Alloy,0.4637529253959656,1,0,
certain number,Poisson number,0.4632466733455658,1,0,
lab air,Oxygen,0.4617675542831421,1,0,
coherent twin boundaries,Triple junction,0.4615996181964874,1,0,
the condensation,Precipitation hardening,0.46073412895202637,1,0,
vacuum,Force,0.4595000147819519,1,0,
450 cycles,High-cycle fatigue,0.4593033790588379,1,0,
monotonic loading,Loading type,0.4592607617378235,1,0,
the samples,Test specimen property,0.4592091143131256,1,0,
the precipitate-strengthened al alloys,Precipitate composition,0.4587307274341583,1,0,
volume,Value,0.4574180245399475,1,0,
dry air,Oxygen,0.4557926058769226,1,0,
growth,Size effect,0.45577549934387207,0,0,
microplasticity,Microstructural property,0.45529454946517944,1,0,
humid air,Oxygen,0.45529359579086304,1,0,
the oxide layer,Chemical element,0.45472729206085205,1,0,
magnitude,Value,0.45432204008102417,1,0,
extreme environments,Secondary creep,0.4518434405326843,1,0,
the removal,Damage,0.4508030414581299,1,0,
the removal,Cutting,0.4507869482040405,1,0,
the dynamic precipitation,Precipitate composition,0.45043960213661194,1,0,
certain number,Value,0.450137734413147,1,0,
15 mm,Notch diameter,0.45002317428588867,1,0,
a role,Vacancy,0.449754923582077,1,0,
cycles,Low-cycle fatigue,0.44960376620292664,1,0,
a result,Failure,0.44959792494773865,1,0,
hydrogen diffusion,Diffusion frequency factor,0.44929760694503784,1,0,
table,Triangular,0.4486718773841858,1,0,
vacuum,Oxygen,0.4485929608345032,1,0,
engineers,Equipment,0.4484301507472992,1,0,
the interaction,Mechanism,0.44764381647109985,1,0,
diffraction,Crystal structure,0.446783185005188,1,0,
diffraction,Crystallographic direction,0.4455251693725586,1,0,
a role,Lead,0.4435003995895386,1,0,
450 cycles,Very high-cycle fatigue,0.44333481788635254,1,0,
$ c,Value,0.4423064589500427,1,0,
unloading,Loading type,0.44213366508483887,1,0,
the interaction,Process,0.4417571425437927,1,0,
dynamic precipitation,Precipitate composition,0.44154268503189087,1,0,
the dynamic precipitation,Precipitate,0.4412146806716919,1,0,
aa7050 alloys,Aluminum,0.44108474254608154,1,0,
the results,Failure,0.4409055709838867,1,0,
the oxide layer,Aluminum,0.4406202435493469,1,0,
the weak points,Failure,0.43911120295524597,1,0,
use,Location,0.43868184089660645,0,0,
comparison,Value,0.43855589628219604,1,0,
the approach,Process,0.43793100118637085,1,0,
peak,Notch,0.43742841482162476,0,0,
the initial cycles,Phase,0.43711304664611816,1,0,
this effect,Damage,0.43631625175476074,1,0,
protrusions,Material,0.43544015288352966,1,0,
these studies,Test specimen,0.43523329496383667,1,0,
this plastic localization,Protrusion,0.43467479944229126,1,0,
dry air,Vapor pressure,0.4333384037017822,1,0,
results,Sample,0.4331963360309601,1,0,
the presence,Vacancy,0.43290984630584717,1,0,
humid air,Latent heat of evaporation,0.4323197603225708,1,0,
lifetime,Rupture life,0.4321611225605011,1,0,
the localization,Location,0.43117570877075195,0,0,
situ,Material,0.43097829818725586,0,0,
h-charged samples,Sample,0.43073195219039917,1,0,
extrusions,Material,0.43038201332092285,1,0,
dynamic precipitation,Precipitate,0.4293319284915924,1,0,
5 mm,Grain size,0.42857494950294495,0,0,
damage locations,Impact toughness,0.4285302460193634,1,0,
intrusions,Inclusion,0.427764356136322,0,0,
growth rates,Fatigue crack growth rate,0.427756667137146,1,0,
the weak points,Knee point,0.42771750688552856,1,0,
table,Data set,0.42757102847099304,1,0,
the removal,Process,0.42743831872940063,1,0,
this investigation,Process,0.4271380305290222,1,0,
table,Object,0.4270285964012146,1,0,
15 mm,Grain size,0.4260941743850708,1,0,
the initial cycles,Cyclic,0.42594778537750244,1,0,
situ,Location,0.42581459879875183,0,0,
the resistance,Thermal coefficient of resistivity,0.4249475300312042,1,0,
the pa samples,Test specimen,0.4246613383293152,1,0,
the influence,Size effect,0.4244428277015686,1,0,
magnitude,Scale effect,0.4237065315246582,1,0,
the under,Inclusion,0.42362749576568604,1,0,
use,Sample,0.42356112599372864,0,0,
this investigation,Intrusion,0.42347973585128784,1,0,
growth,Aging,0.42247873544692993,0,0,
an order,Object,0.42206424474716187,1,0,
a role,Object,0.4218905568122864,1,0,
growth rates,Crack growth behaviour,0.4208541512489319,1,0,
dry air,Pressure,0.419546514749527,1,0,
hcf,Iron,0.41906699538230896,0,0,
theory,Mechanism,0.41894763708114624,1,0,
the approach,Failure,0.4183019995689392,1,0,
magnitude,Size effect,0.41816720366477966,1,0,
this plastic localization,Crack-induced plasticity,0.41811108589172363,1,0,
this investigation,Test specimen,0.41714969277381897,1,0,
the influence,Scale effect,0.41627997159957886,1,0,
the influence,Force,0.4157015085220337,1,0,
the fcg,Ferrite,0.4154685139656067,1,0,
unloading,Load cell,0.41487014293670654,1,0,
transportation structures,Mechanical property,0.4144730567932129,1,0,
the results,Sample,0.4137971103191376,1,0,
distinct physical mechanisms,Physical quantity,0.4135882258415222,1,0,
failure,Brittle,0.4128066897392273,1,0,
the center,Body-centered cubic,0.4124787449836731,1,0,
research,Sample,0.41197365522384644,1,0,
interest,Value,0.41097506880760193,1,0,
figure,Model,0.41096389293670654,1,0,
increases,Alternating strength,0.4105183482170105,1,0,
hydrogen embrittlement,Electropolishing,0.41048359870910645,1,0,
the generation,Aging,0.4104834496974945,1,0,
the training process,Manufacturing process,0.41043442487716675,1,0,
$ c,Carbon,0.41008585691452026,1,0,
the training,Equipment,0.4093824326992035,1,0,
this study,Sample,0.4093377888202667,1,0,
42crmo4,Cobalt,0.40902772545814514,1,0,
the resistance,Failure,0.40851062536239624,1,0,
the square,Geometry,0.4083419144153595,1,0,
the case,Use case materials mechanics,0.4076717495918274,1,0,
the nucleation,Cyclic,0.4062672257423401,1,0,
scale bar,Size effect,0.4060180187225342,1,0,
propagation,Grain boundary network,0.4047909080982208,0,0,
the ua samples,Image acquisition,0.40466850996017456,1,0,
increases,Scale effect,0.4044906795024872,1,0,
comparison,Failure,0.40435853600502014,1,0,
intrusions,Segregation,0.4043090343475342,0,0,
comparison,Test specimen,0.402785986661911,1,0,
training,Grinding,0.4026510715484619,0,0,
research,Failure,0.40127623081207275,1,0,
results,Test specimen,0.4009658694267273,1,0,
the localization,Image acquisition,0.4000439941883087,0,0,
the formation,Composition,0.4000362455844879,1,0,
the nucleation,Strontium,0.39962977170944214,1,0,
contrast,Material,0.39931821823120117,1,0,
the early cycles,Low-cycle fatigue,0.3991280794143677,1,0,
the approach,Model,0.39874589443206787,1,0,
number,Poisson number,0.3986589312553406,0,0,
the lifetime,Rupture life,0.39831528067588806,1,0,
training,Location,0.3980025351047516,0,0,
extreme environments,Maximum stress,0.3977174162864685,1,0,
inadequate understanding,Failure,0.3976379334926605,1,0,
20 hz,Cooling rate,0.39763566851615906,0,0,
the case,Material,0.3971700072288513,1,0,
figure,Equipment,0.3966294229030609,1,0,
diffusion,Mass density,0.3964225649833679,1,0,
a factor,Material,0.3959192633628845,1,0,
number,Sample,0.3957313299179077,0,0,
the presence,Location,0.39539510011672974,1,0,
a factor,Component,0.3947230279445648,1,0,
the early cycles,Cyclic,0.3941061496734619,1,0,
theory,Property,0.39387384057044983,1,0,
a result,Sample,0.39352983236312866,1,0,
the number,Poisson number,0.3933790922164917,1,0,
the pa state,State descriptor,0.39328134059906006,1,0,
use,Failure,0.39297640323638916,0,0,
a result,Finishing,0.3928360939025879,1,0,
fig,Carbon,0.39243006706237793,0,0,
pa states,State descriptor,0.390643835067749,0,0,
disks,Equipment,0.3905261754989624,1,0,
interest,Cobalt,0.3900894522666931,1,0,
h-charged samples,Hydrogen,0.3888085186481476,1,0,
disks,Silicon,0.38824769854545593,1,0,
fig,Borium,0.3881990909576416,0,0,
situ,Inclusion,0.3880428075790405,0,0,
lab air,Carbon,0.38786956667900085,1,0,
interest,Material,0.38783931732177734,1,0,
the square,Location,0.3876606225967407,1,0,
the outermost layer,Grain boundary network,0.3873670697212219,1,0,
the presence,Inclusion,0.38720688223838806,1,0,
( h,Hydrogen,0.386820912361145,1,0,
hcf,Chemical,0.38670074939727783,0,0,
argon,Arsen,0.3862272799015045,0,0,
an order,Process,0.3860304653644562,1,0,
respect,Knee point,0.38398420810699463,1,0,
the pa states,Location,0.3838748037815094,1,0,
pfz ' s,Zinc,0.38383591175079346,1,0,
a large number,Value,0.383550226688385,1,0,
50crmo4,Cobalt,0.3830994963645935,0,0,
methods,Mechanism,0.38230907917022705,1,0,
the weak points,Point defect,0.38167864084243774,1,0,
extreme environments,Stress range,0.38153231143951416,1,0,
methods,Model,0.3814409375190735,1,0,
lab air,Equipment,0.3814041316509247,1,0,
a large number,Poisson number,0.3813173770904541,1,0,
this finding,Location,0.3811931610107422,1,0,
the center,Object,0.38110512495040894,1,0,
research,Test specimen,0.380805104970932,1,0,
applications,Location,0.38039785623550415,1,0,
initiation,Process,0.3798278570175171,1,0,
scale bar,Notch diameter,0.37981581687927246,1,0,
hcf,Chromium,0.37971287965774536,0,0,
the number,Sample,0.3796119689941406,1,0,
the formation,Lead,0.37951332330703735,1,0,
the localization,State descriptor,0.3781631588935852,0,0,
the time,Location,0.37802213430404663,1,0,
the training,Finishing,0.37778764963150024,1,0,
a factor,Force,0.3771837055683136,1,0,
argon,Triangular,0.37706422805786133,0,0,
the results,Finishing,0.3770521879196167,1,0,
a conceptual change,Object,0.3756846785545349,1,0,
$ c,Copper,0.3752911686897278,1,0,
the pa states,State descriptor,0.3749469816684723,1,0,
methods,Process,0.37465620040893555,1,0,
this study,Test specimen,0.3746492862701416,1,0,
the order,Force,0.3733385503292084,1,0,
peak,Damage,0.3731642961502075,0,0,
disks,Data set,0.3728203773498535,1,0,
an order,Force,0.3726246953010559,1,0,
peak,Location,0.37243467569351196,0,0,
respect,Lead,0.37232285737991333,1,0,
fig,Object,0.3722902536392212,0,0,
respect,Force,0.3718720078468323,1,0,
adiabatic conditions,Thermal property,0.37091270089149475,1,0,
hydrogen embrittlement,Oxygen,0.37065577507019043,1,0,
the outermost layer,Surface,0.3705187439918518,1,0,
time,Damage,0.3704063892364502,0,0,
the order,Process,0.3700435161590576,1,0,
the order,Location,0.36939093470573425,1,0,
700 hz,Cooling rate,0.36923354864120483,1,0,
time,Material,0.3690773844718933,0,0,
ebsd,Ledeburite II,0.3683568835258484,0,0,
the training process,Simulation process,0.36805304884910583,1,0,
this contribution,Lead,0.36725953221321106,1,0,
new particles,Substitional atom,0.3666854500770569,0,0,
the outermost layer,Grain boundary,0.3660351634025574,1,0,
initiation,Mechanism,0.36544960737228394,1,0,
pfz ' s,Zirconium,0.3652843236923218,1,0,
gbs,Cobalt,0.3651008605957031,0,0,
10 7 cycles,Low-cycle fatigue,0.3647884428501129,1,0,
initiation,Finishing,0.36471307277679443,1,0,
regard,Inclusion,0.36411377787590027,1,0,
low-s,Silver,0.36291027069091797,1,0,
these studies,Microscope,0.3627115786075592,1,0,
contrast,Roughing,0.36257076263427734,1,0,
ctbs,Niobium,0.3624233603477478,1,0,
the literature,Composition,0.3622259497642517,1,0,
the ua,Aluminum,0.36197808384895325,1,0,
the difference,Defect,0.36183786392211914,1,0,
the generation,Segregation,0.36177557706832886,1,0,
control type,Displacement-controlled,0.3615744709968567,0,0,
applications,Equipment,0.3614358603954315,1,0,
the training,Location,0.3609676659107208,1,0,
ebsd data,Mechanical test data set,0.36083894968032837,1,0,
time,Location,0.3607739210128784,0,0,
ctbs,Copper,0.3600938320159912,1,0,
transportation structures,Equipment,0.3598644733428955,1,0,
the formation,Object,0.35920631885528564,1,0,
contrast,Descriptor,0.35909298062324524,1,0,
aa2024,Model,0.3589845895767212,0,0,
a conceptual change,Property,0.35891062021255493,1,0,
growth rates,Percent elongation at failure,0.358839750289917,1,0,
pa states,Location,0.35870039463043213,0,0,
new particles,Interstitial atom,0.35835766792297363,0,0,
this contribution,Failure,0.3583422899246216,1,0,
transportation structures,Engineering strain,0.35813790559768677,1,0,
these studies,Sample,0.3574470281600952,1,0,
hydrogen diffusion,Thermal diffusivity,0.356977641582489,1,0,
the ua,Equipment,0.3563658893108368,1,0,
aa6061,Identifier,0.356256902217865,1,0,
adiabatic conditions,Latent heat of evaporation,0.35611414909362793,1,0,
the difference,Damage,0.35595375299453735,1,0,
adiabatic conditions,Specific heat capacity,0.35594287514686584,1,0,
ebsd,Ledeburite I,0.3546919524669647,0,0,
this contribution,Damage,0.3543238639831543,1,0,
differences,Segregation,0.35289323329925537,1,0,
h-charged samples,Scanning electron microscopy measurement,0.3528318405151367,1,0,
aa2024,Location,0.35238558053970337,0,0,
inconel,Etchant,0.3522954285144806,1,0,
the differences,Segregation,0.3521449565887451,1,0,
the pfz,Zirconium,0.3513696491718292,1,0,
this study,Process,0.3504084646701813,1,0,
the initiation,Process,0.35027480125427246,1,0,
smooth samples,Image acquisition,0.350229948759079,1,0,
42crmo4,Beryilium,0.34936222434043884,1,0,
smooth samples,Surface roughness,0.34901344776153564,1,0,
the pa state,Location,0.34877485036849976,1,0,
decreasing frequencies,Cycle limit,0.3485317826271057,1,0,
the under,Location,0.34775322675704956,1,0,
this finding,Detector,0.34760525822639465,1,0,
the aa2024,Model,0.3474317491054535,1,0,
42crmo4,Oxygen,0.3471577763557434,1,0,
1170 mpa,Value,0.34715723991394043,1,0,
the pfz,Ferrite,0.3470713496208191,1,0,
certain number,Specific weight,0.34587520360946655,1,0,
the aa2024,Equipment,0.34545761346817017,1,0,
the s-n curves,Twist boundary segment,0.34543925523757935,1,0,
argon,Object,0.34499937295913696,0,0,
the s-n curves,Twist boundary,0.3443509340286255,1,0,
ctbs,Carbon,0.34350961446762085,1,0,
the pfz,Zinc,0.34288784861564636,1,0,
gbs,Vickers hardness,0.3424151837825775,0,0,
a conceptual change,Composition,0.3416275382041931,1,0,
aa6061,Model,0.3415640592575073,1,0,
inconel,Tin,0.3409463167190552,1,0,
he,Damage,0.3405791223049164,0,0,
the time,Damage,0.34032559394836426,1,0,
low-s,SN curve,0.3394624590873718,1,0,
aa2024,Aluminum,0.33913546800613403,0,0,
aa6061,Location,0.3389972150325775,1,0,
regard,Damage,0.3389521539211273,1,0,
the initiation,Finishing,0.3388790488243103,1,0,
the differences,Defect,0.33867621421813965,1,0,
{ â—¦,Identifier,0.3383103013038635,1,0,
low-s,Roughing,0.33738672733306885,1,0,
differences,Defect,0.33719363808631897,1,0,
inadequate understanding,Segregation,0.33681821823120117,1,0,
aa7050,Model,0.3367127478122711,1,0,
inconel,Crack,0.3363707661628723,1,0,
aa7050,Aluminum,0.33522164821624756,1,0,
s 3 ctbs,SN curve,0.3347906172275543,1,0,
pfz ' s,Ferrite,0.33367276191711426,1,0,
the pfz ' s,Zinc,0.33335110545158386,1,0,
the training schedule,Finishing,0.33185523748397827,1,0,
this finding,Annealing,0.3312457203865051,1,0,
excess vacancies,Annealing,0.330984890460968,1,0,
the difference,Failure,0.33089813590049744,1,0,
differences,Material,0.33051925897598267,1,0,
general gbs,Vickers hardness,0.330130934715271,1,0,
ebsd,Niobium,0.3298260271549225,0,0,
( h,Oxygen,0.3291971683502197,1,0,
the under,Roughing,0.32909998297691345,1,0,
the pfz ' s,Slip plane family,0.32885950803756714,1,0,
the ua state,Aluminum,0.3285813331604004,1,0,
the initiation,Failure,0.3284422755241394,1,0,
the ua state,Location,0.32753172516822815,1,0,
", aa6061 ( b",Identifier,0.3272767663002014,1,0,
uts,Location,0.3271908760070801,0,0,
the literature,Vacancy,0.3270811438560486,1,0,
regard,Value,0.326891154050827,1,0,
the pa samples,Test specimen property,0.32684725522994995,1,0,
20 khz,Sinusoidal,0.32672959566116333,1,0,
the pfz ' s,Ferrite,0.3264732360839844,1,0,
new paths,Slip direction family,0.3258909583091736,0,0,
general gbs,Silver,0.32571905851364136,1,0,
the generation,Failure,0.3257034420967102,1,0,
he,Arsen,0.32344433665275574,0,0,
inadequate understanding,Defect,0.3222903311252594,1,0,
the literature,Inclusion,0.3221491575241089,1,0,
the pa state,Phosphorus,0.3219609260559082,1,0,
a large number,Inclusion size,0.3218807876110077,1,0,
50crmo4,Specific weight,0.3197111189365387,0,0,
( fig,Borium,0.31944674253463745,1,0,
gbs,Nickel,0.31890869140625,0,0,
low-s gbs,SN curve,0.31885623931884766,1,0,
new particles,Mass density,0.31663990020751953,0,0,
the differences,Failure,0.3154159486293793,1,0,
the ua,Lead,0.3142922520637512,1,0,
aged ( ua,Aluminum,0.3126370310783386,1,0,
the time,Failure,0.3124127686023712,1,0,
general gbs,Cobalt,0.3121507167816162,1,0,
919 mpa,Value,0.31091007590293884,1,0,
s 3 ctbs,Triple junction,0.31030791997909546,1,0,
", aa6061 ( b",Value,0.3099804222583771,1,0,
the aa2024,Detector,0.308647483587265,1,0,
aged ( ua,Dynamic strain aging,0.3073374629020691,1,0,
new paths,Location,0.30732426047325134,0,0,
the 1170 mpa batch,Milling,0.3064314126968384,1,0,
ebsd data,Data transformation process,0.30635830760002136,1,0,
aa7050,Titanium,0.3058021366596222,1,0,
( fig,Carbon,0.30568182468414307,1,0,
s 3 ctbs,Cobalt,0.30518460273742676,1,0,
the fcg,Force,0.3051367998123169,1,0,
uts,State descriptor,0.30383941531181335,0,0,
{ â—¦,Inclusion,0.30341190099716187,1,0,
new paths,Slip direction,0.30156975984573364,0,0,
50crmo4,Beryilium,0.30113404989242554,0,0,
( supplementary fig,Composition,0.30035603046417236,1,0,
the fcg,Chemical,0.2989441752433777,1,0,
excess vacancies,Bulk,0.298082172870636,1,0,
( supplementary fig,Inclusion,0.297573447227478,1,0,
$ ^,Failure,0.29613134264945984,1,0,
( fig,Pearlite,0.29430341720581055,1,0,
( h,Damage,0.29407185316085815,1,0,
1096 mpa,Value,0.29353779554367065,1,0,
low-s gbs,Vickers hardness,0.2934170365333557,1,0,
he,Crack,0.2933802604675293,0,0,
( supplementary fig,Geometry,0.2927077114582062,1,0,
1726 mpa,Value,0.2916133403778076,1,0,
the training schedule,Grinding,0.2901492118835449,1,0,
pa states,Phosphorus,0.29011788964271545,0,0,
", aa6061 ( b",Aluminum,0.2892393469810486,1,0,
the pa states,Phosphorus,0.288891464471817,1,0,
supplementary fig,Object,0.28795915842056274,1,0,
the 1170 mpa batch,Sample,0.287286639213562,1,0,
( c,Cyclic,0.2852984070777893,1,0,
$ ^,Damage,0.2847842574119568,1,0,
low-s gbs,Silver,0.2836628258228302,1,0,
this alternative approach,Inclusion,0.2828528881072998,1,0,
( b,Damage,0.28093039989471436,1,0,
this alternative approach,Alternating strength,0.28025102615356445,1,0,
this alternative approach,Failure,0.2801377773284912,1,0,
$ ^,Value,0.280070960521698,1,0,
the 1170 mpa batch,Bulk,0.2799428403377533,1,0,
supplementary fig,Cross-section geometry,0.2782916724681854,1,0,
( c,Carbon,0.2775469720363617,1,0,
supplementary fig,Inclusion,0.27746516466140747,1,0,
the training schedule,Bulk,0.27744558453559875,1,0,
919 mpa,Nitrogen,0.27653706073760986,1,0,
vacancies,Sample,0.27544736862182617,0,0,
the hcf performance,Chromium,0.2744772732257843,1,0,
uts,Shot peening,0.2734830975532532,0,0,
1096 mpa,Nitrogen,0.2692466974258423,1,0,
{ â—¦,Notch,0.26842713356018066,1,0,
1170 mpa,Nitrogen,0.26753202080726624,1,0,
( c,Damage,0.266922265291214,1,0,
1170 mpa,Pressure,0.2666001319885254,1,0,
1096 mpa,Sulfur,0.2536871135234833,1,0,
1726 mpa,Specimen gauge length,0.25365912914276123,1,0,
919 mpa,Pressure,0.25314855575561523,1,0,
1726 mpa,Model,0.2488623559474945,1,0,
1475 mpa,Value,0.24362194538116455,1,0,
( b,Niobium,0.24312928318977356,1,0,
( b,Finishing,0.2428334802389145,1,0,
the hcf performance,Testing medium,0.24078159034252167,1,0,
the hcf performance,Hydrogen,0.23891684412956238,1,0,
1475 mpa,Specific weight,0.22578023374080658,1,0,
1475 mpa,Sample,0.22355493903160095,1,0,
